{
    "accuracy": 0.7783132530120482,
    "precision": 0.7691561590688651,
    "recall": 0.7812807881773399,
    "auc": 0.8646310065991264
}